,Line Name,OD340,OD600,MOPS,Tricine,H3BO3,Glucose,K2SO4,K2HPO4,FeSO4,NH4Cl,MgCl2,NaCl,(NH4)6Mo7O24,CoCl2,CuSO4,MnSO4,ZnSO4
0,C1_WA1_A4-R1,0.4422,2.019,40.0,4.0,0.003744,20.0,0.029492,3.995413,0.042847,6.490478,0.214493,197.916509,1.6e-05,0.000254,0.000309,0.006371,0.000866
1,C1_WA1_A4-R2,0.3405,0.516,40.0,4.0,0.003744,20.0,0.029492,3.995413,0.042847,6.490478,0.214493,197.916509,1.6e-05,0.000254,0.000309,0.006371,0.000866
2,C1_WA1_A4-R3,0.3397,0.436,40.0,4.0,0.003744,20.0,0.029492,3.995413,0.042847,6.490478,0.214493,197.916509,1.6e-05,0.000254,0.000309,0.006371,0.000866
3,C1_WA1_A4-R4,0.3602,0.623,40.0,4.0,0.003744,20.0,0.029492,3.995413,0.042847,6.490478,0.214493,197.916509,1.6e-05,0.000254,0.000309,0.006371,0.000866
4,C1_WA5_A8-R1,0.2699,0.699,40.0,4.0,0.009185,20.0,0.380499,1.156774,0.007971,11.618192,5.030266,50.60791,0.000155,0.000152,2.9e-05,0.00041,0.000277
5,C1_WA5_A8-R2,0.2755,0.923,40.0,4.0,0.009185,20.0,0.380499,1.156774,0.007971,11.618192,5.030266,50.60791,0.000155,0.000152,2.9e-05,0.00041,0.000277
6,C1_WA5_A8-R3,0.2821,1.007,40.0,4.0,0.009185,20.0,0.380499,1.156774,0.007971,11.618192,5.030266,50.60791,0.000155,0.000152,2.9e-05,0.00041,0.000277
7,C1_WA5_A8-R4,0.2831,1.025,40.0,4.0,0.009185,20.0,0.380499,1.156774,0.007971,11.618192,5.030266,50.60791,0.000155,0.000152,2.9e-05,0.00041,0.000277
8,C1_WB1_B4-R1,0.3284,1.82,40.0,4.0,0.034437,20.0,1.439441,6.020771,0.065116,7.737483,4.152594,33.137668,0.000104,0.00201,0.000573,0.005294,0.000998
9,C1_WB1_B4-R2,0.2661,0.452,40.0,4.0,0.034437,20.0,1.439441,6.020771,0.065116,7.737483,4.152594,33.137668,0.000104,0.00201,0.000573,0.005294,0.000998
10,C1_WB1_B4-R3,0.2578,0.505,40.0,4.0,0.034437,20.0,1.439441,6.020771,0.065116,7.737483,4.152594,33.137668,0.000104,0.00201,0.000573,0.005294,0.000998
11,C1_WB1_B4-R4,0.2696,0.233,40.0,4.0,0.034437,20.0,1.439441,6.020771,0.065116,7.737483,4.152594,33.137668,0.000104,0.00201,0.000573,0.005294,0.000998
12,C1_WB5_B8-R1,0.612,0.501,40.0,4.0,0.03108,20.0,0.195694,2.375088,0.021687,11.079187,0.989965,400.144448,0.000252,0.000974,0.000855,0.001168,0.00058
13,C1_WB5_B8-R2,0.5832,0.69,40.0,4.0,0.03108,20.0,0.195694,2.375088,0.021687,11.079187,0.989965,400.144448,0.000252,0.000974,0.000855,0.001168,0.00058
14,C1_WB5_B8-R3,0.6198,0.544,40.0,4.0,0.03108,20.0,0.195694,2.375088,0.021687,11.079187,0.989965,400.144448,0.000252,0.000974,0.000855,0.001168,0.00058
15,C1_WB5_B8-R4,0.6295,0.536,40.0,4.0,0.03108,20.0,0.195694,2.375088,0.021687,11.079187,0.989965,400.144448,0.000252,0.000974,0.000855,0.001168,0.00058
16,C1_WC1_C4-R1,0.2661,0.514,40.0,4.0,0.024893,20.0,0.284127,1.871296,0.009791,9.367041,0.106963,22.935014,5e-06,0.000441,0.00036,0.000396,4.5e-05
17,C1_WC1_C4-R2,0.2617,0.494,40.0,4.0,0.024893,20.0,0.284127,1.871296,0.009791,9.367041,0.106963,22.935014,5e-06,0.000441,0.00036,0.000396,4.5e-05
18,C1_WC1_C4-R3,0.2621,0.497,40.0,4.0,0.024893,20.0,0.284127,1.871296,0.009791,9.367041,0.106963,22.935014,5e-06,0.000441,0.00036,0.000396,4.5e-05
19,C1_WC1_C4-R4,0.2751,0.517,40.0,4.0,0.024893,20.0,0.284127,1.871296,0.009791,9.367041,0.106963,22.935014,5e-06,0.000441,0.00036,0.000396,4.5e-05
20,C1_WC5_C8-R1,0.232,0.819,40.0,4.0,0.016562,20.0,0.255908,1.062554,0.029932,12.336016,2.537792,42.024681,7e-06,0.000192,4.1e-05,0.007093,0.000486
21,C1_WC5_C8-R2,0.2285,0.77,40.0,4.0,0.016562,20.0,0.255908,1.062554,0.029932,12.336016,2.537792,42.024681,7e-06,0.000192,4.1e-05,0.007093,0.000486
22,C1_WC5_C8-R3,0.2168,0.079,40.0,4.0,0.016562,20.0,0.255908,1.062554,0.029932,12.336016,2.537792,42.024681,7e-06,0.000192,4.1e-05,0.007093,0.000486
23,C1_WC5_C8-R4,0.2407,0.796,40.0,4.0,0.016562,20.0,0.255908,1.062554,0.029932,12.336016,2.537792,42.024681,7e-06,0.000192,4.1e-05,0.007093,0.000486
24,C1_WD1_D4-R1,0.3456,0.974,40.0,4.0,0.001816,20.0,1.774687,0.32483,0.004349,7.800423,0.746968,441.470194,2.1e-05,0.002819,0.000928,0.001514,0.000387
25,C1_WD1_D4-R2,0.3451,0.797,40.0,4.0,0.001816,20.0,1.774687,0.32483,0.004349,7.800423,0.746968,441.470194,2.1e-05,0.002819,0.000928,0.001514,0.000387
26,C1_WD1_D4-R3,0.3697,1.046,40.0,4.0,0.001816,20.0,1.774687,0.32483,0.004349,7.800423,0.746968,441.470194,2.1e-05,0.002819,0.000928,0.001514,0.000387
27,C1_WD1_D4-R4,0.358,0.935,40.0,4.0,0.001816,20.0,1.774687,0.32483,0.004349,7.800423,0.746968,441.470194,2.1e-05,0.002819,0.000928,0.001514,0.000387
28,C1_WD5_D8-R1,0.1958,0.351,40.0,4.0,0.002789,20.0,0.904382,0.795318,0.017571,8.526913,2.128669,38.005852,5.9e-05,0.00067,0.000165,0.000125,0.000247
29,C1_WD5_D8-R2,0.1991,0.4,40.0,4.0,0.002789,20.0,0.904382,0.795318,0.017571,8.526913,2.128669,38.005852,5.9e-05,0.00067,0.000165,0.000125,0.000247
30,C1_WD5_D8-R3,0.1978,0.489,40.0,4.0,0.002789,20.0,0.904382,0.795318,0.017571,8.526913,2.128669,38.005852,5.9e-05,0.00067,0.000165,0.000125,0.000247
31,C1_WD5_D8-R4,0.1779,0.078,40.0,4.0,0.002789,20.0,0.904382,0.795318,0.017571,8.526913,2.128669,38.005852,5.9e-05,0.00067,0.000165,0.000125,0.000247
32,C1_WE1_E4-R1,0.6136,0.778,40.0,4.0,0.012395,20.0,0.186466,3.323911,0.067838,8.331418,4.706578,497.484672,0.000199,6.8e-05,1.1e-05,0.000751,1.8e-05
33,C1_WE1_E4-R2,0.5813,0.647,40.0,4.0,0.012395,20.0,0.186466,3.323911,0.067838,8.331418,4.706578,497.484672,0.000199,6.8e-05,1.1e-05,0.000751,1.8e-05
34,C1_WE1_E4-R3,0.5984,0.697,40.0,4.0,0.012395,20.0,0.186466,3.323911,0.067838,8.331418,4.706578,497.484672,0.000199,6.8e-05,1.1e-05,0.000751,1.8e-05
35,C1_WE1_E4-R4,0.606,0.669,40.0,4.0,0.012395,20.0,0.186466,3.323911,0.067838,8.331418,4.706578,497.484672,0.000199,6.8e-05,1.1e-05,0.000751,1.8e-05
36,C1_WE5_E8-R1,0.4999,0.147,40.0,4.0,0.004742,20.0,0.06488,4.598113,0.041488,10.5135,0.373878,232.319445,0.000138,0.001727,6.3e-05,0.007646,2.4e-05
37,C1_WE5_E8-R2,0.4947,0.157,40.0,4.0,0.004742,20.0,0.06488,4.598113,0.041488,10.5135,0.373878,232.319445,0.000138,0.001727,6.3e-05,0.007646,2.4e-05
38,C1_WE5_E8-R3,0.504,0.128,40.0,4.0,0.004742,20.0,0.06488,4.598113,0.041488,10.5135,0.373878,232.319445,0.000138,0.001727,6.3e-05,0.007646,2.4e-05
39,C1_WE5_E8-R4,0.498,0.12,40.0,4.0,0.004742,20.0,0.06488,4.598113,0.041488,10.5135,0.373878,232.319445,0.000138,0.001727,6.3e-05,0.007646,2.4e-05
40,C1_WF1_F4-R1,0.3147,0.09,40.0,4.0,0.00346,20.0,0.127824,5.330771,0.094177,9.137315,3.886869,16.475913,2.6e-05,0.00131,8.1e-05,0.000512,9.6e-05
41,C1_WF1_F4-R2,0.3147,0.059,40.0,4.0,0.00346,20.0,0.127824,5.330771,0.094177,9.137315,3.886869,16.475913,2.6e-05,0.00131,8.1e-05,0.000512,9.6e-05
42,C1_WF1_F4-R3,0.3207,0.052,40.0,4.0,0.00346,20.0,0.127824,5.330771,0.094177,9.137315,3.886869,16.475913,2.6e-05,0.00131,8.1e-05,0.000512,9.6e-05
43,C1_WF1_F4-R4,0.3278,0.054,40.0,4.0,0.00346,20.0,0.127824,5.330771,0.094177,9.137315,3.886869,16.475913,2.6e-05,0.00131,8.1e-05,0.000512,9.6e-05
44,C1_WF5_F8-R1,0.2856,0.731,40.0,4.0,0.003797,20.0,0.31178,1.325974,0.009506,9.927665,0.568441,50.767801,3e-05,0.000296,9.6e-05,0.000729,0.000102
45,C1_WF5_F8-R2,0.2936,0.763,40.0,4.0,0.003797,20.0,0.31178,1.325974,0.009506,9.927665,0.568441,50.767801,3e-05,0.000296,9.6e-05,0.000729,0.000102
46,C1_WF5_F8-R3,0.2715,0.664,40.0,4.0,0.003797,20.0,0.31178,1.325974,0.009506,9.927665,0.568441,50.767801,3e-05,0.000296,9.6e-05,0.000729,0.000102
47,C1_WF5_F8-R4,0.2891,0.795,40.0,4.0,0.003797,20.0,0.31178,1.325974,0.009506,9.927665,0.568441,50.767801,3e-05,0.000296,9.6e-05,0.000729,0.000102
48,C2_WA1_A4-R1,0.3717,0.112,40.0,4.0,0.026992,20.0,0.229277,0.556502,0.002319,7.370092,1.386888,355.093844,2.8e-05,0.000101,0.00079,0.00056,0.000172
49,C2_WA1_A4-R2,0.3748,0.128,40.0,4.0,0.026992,20.0,0.229277,0.556502,0.002319,7.370092,1.386888,355.093844,2.8e-05,0.000101,0.00079,0.00056,0.000172
50,C2_WA1_A4-R3,0.3862,0.171,40.0,4.0,0.026992,20.0,0.229277,0.556502,0.002319,7.370092,1.386888,355.093844,2.8e-05,0.000101,0.00079,0.00056,0.000172
51,C2_WA1_A4-R4,0.3724,0.176,40.0,4.0,0.026992,20.0,0.229277,0.556502,0.002319,7.370092,1.386888,355.093844,2.8e-05,0.000101,0.00079,0.00056,0.000172
52,C2_WA5_A8-R1,0.3721,0.079,40.0,4.0,0.001199,20.0,2.356433,0.965094,0.005574,10.252992,0.428695,133.073471,9e-05,0.000246,0.000706,0.002361,7.6e-05
53,C2_WA5_A8-R2,0.3633,0.059,40.0,4.0,0.001199,20.0,2.356433,0.965094,0.005574,10.252992,0.428695,133.073471,9e-05,0.000246,0.000706,0.002361,7.6e-05
54,C2_WA5_A8-R3,0.371,0.078,40.0,4.0,0.001199,20.0,2.356433,0.965094,0.005574,10.252992,0.428695,133.073471,9e-05,0.000246,0.000706,0.002361,7.6e-05
55,C2_WA5_A8-R4,0.3719,0.073,40.0,4.0,0.001199,20.0,2.356433,0.965094,0.005574,10.252992,0.428695,133.073471,9e-05,0.000246,0.000706,0.002361,7.6e-05
56,C2_WB1_B4-R1,0.2618,0.935,40.0,4.0,0.000652,20.0,1.962582,0.873249,0.008783,12.660508,0.339745,46.512992,2.4e-05,0.002356,0.000249,0.003064,0.000828
57,C2_WB1_B4-R2,0.2504,0.854,40.0,4.0,0.000652,20.0,1.962582,0.873249,0.008783,12.660508,0.339745,46.512992,2.4e-05,0.002356,0.000249,0.003064,0.000828
58,C2_WB1_B4-R3,0.2543,0.771,40.0,4.0,0.000652,20.0,1.962582,0.873249,0.008783,12.660508,0.339745,46.512992,2.4e-05,0.002356,0.000249,0.003064,0.000828
59,C2_WB1_B4-R4,0.2667,0.875,40.0,4.0,0.000652,20.0,1.962582,0.873249,0.008783,12.660508,0.339745,46.512992,2.4e-05,0.002356,0.000249,0.003064,0.000828
60,C2_WB5_B8-R1,0.3711,0.233,40.0,4.0,0.001419,20.0,1.52523,0.685683,0.003056,7.111266,2.989155,268.91328,0.000293,0.000203,0.000617,0.000727,0.000616
61,C2_WB5_B8-R2,0.3631,0.296,40.0,4.0,0.001419,20.0,1.52523,0.685683,0.003056,7.111266,2.989155,268.91328,0.000293,0.000203,0.000617,0.000727,0.000616
62,C2_WB5_B8-R3,0.3636,0.166,40.0,4.0,0.001419,20.0,1.52523,0.685683,0.003056,7.111266,2.989155,268.91328,0.000293,0.000203,0.000617,0.000727,0.000616
63,C2_WB5_B8-R4,0.3701,0.247,40.0,4.0,0.001419,20.0,1.52523,0.685683,0.003056,7.111266,2.989155,268.91328,0.000293,0.000203,0.000617,0.000727,0.000616
64,C2_WC1_C4-R1,0.1772,0.942,40.0,4.0,0.039355,20.0,2.811631,1.23426,0.08701,13.494543,3.346859,35.580086,5.4e-05,3.4e-05,4.6e-05,0.000217,7.1e-05
65,C2_WC1_C4-R2,0.1867,1.129,40.0,4.0,0.039355,20.0,2.811631,1.23426,0.08701,13.494543,3.346859,35.580086,5.4e-05,3.4e-05,4.6e-05,0.000217,7.1e-05
66,C2_WC1_C4-R3,0.1927,1.005,40.0,4.0,0.039355,20.0,2.811631,1.23426,0.08701,13.494543,3.346859,35.580086,5.4e-05,3.4e-05,4.6e-05,0.000217,7.1e-05
67,C2_WC1_C4-R4,0.2002,0.986,40.0,4.0,0.039355,20.0,2.811631,1.23426,0.08701,13.494543,3.346859,35.580086,5.4e-05,3.4e-05,4.6e-05,0.000217,7.1e-05
68,C2_WC5_C8-R1,0.2719,1.112,40.0,4.0,0.018675,20.0,0.086753,3.135703,0.001613,6.843367,0.061564,5.810257,9e-06,0.000112,5.7e-05,0.00348,4.2e-05
69,C2_WC5_C8-R2,0.2757,1.184,40.0,4.0,0.018675,20.0,0.086753,3.135703,0.001613,6.843367,0.061564,5.810257,9e-06,0.000112,5.7e-05,0.00348,4.2e-05
70,C2_WC5_C8-R3,0.2783,1.082,40.0,4.0,0.018675,20.0,0.086753,3.135703,0.001613,6.843367,0.061564,5.810257,9e-06,0.000112,5.7e-05,0.00348,4.2e-05
71,C2_WC5_C8-R4,0.2817,1.113,40.0,4.0,0.018675,20.0,0.086753,3.135703,0.001613,6.843367,0.061564,5.810257,9e-06,0.000112,5.7e-05,0.00348,4.2e-05
72,C2_WD1_D4-R1,0.4074,0.265,40.0,4.0,0.020616,20.0,0.695463,6.514184,0.005944,11.967387,0.502908,304.175814,0.000229,0.000161,9.2e-05,0.000296,6.1e-05
73,C2_WD1_D4-R2,0.4307,0.342,40.0,4.0,0.020616,20.0,0.695463,6.514184,0.005944,11.967387,0.502908,304.175814,0.000229,0.000161,9.2e-05,0.000296,6.1e-05
74,C2_WD1_D4-R3,0.4319,0.292,40.0,4.0,0.020616,20.0,0.695463,6.514184,0.005944,11.967387,0.502908,304.175814,0.000229,0.000161,9.2e-05,0.000296,6.1e-05
75,C2_WD1_D4-R4,0.4158,0.268,40.0,4.0,0.020616,20.0,0.695463,6.514184,0.005944,11.967387,0.502908,304.175814,0.000229,0.000161,9.2e-05,0.000296,6.1e-05
76,C2_WD5_D8-R1,0.1811,0.343,40.0,4.0,0.003338,20.0,2.519519,0.515306,0.003967,13.347308,0.228613,18.086604,1.9e-05,0.002752,1.9e-05,0.00433,2.9e-05
77,C2_WD5_D8-R2,0.1872,0.534,40.0,4.0,0.003338,20.0,2.519519,0.515306,0.003967,13.347308,0.228613,18.086604,1.9e-05,0.002752,1.9e-05,0.00433,2.9e-05
78,C2_WD5_D8-R3,0.1831,0.551,40.0,4.0,0.003338,20.0,2.519519,0.515306,0.003967,13.347308,0.228613,18.086604,1.9e-05,0.002752,1.9e-05,0.00433,2.9e-05
79,C2_WD5_D8-R4,0.1922,0.675,40.0,4.0,0.003338,20.0,2.519519,0.515306,0.003967,13.347308,0.228613,18.086604,1.9e-05,0.002752,1.9e-05,0.00433,2.9e-05
80,C2_WE1_E4-R1,0.4542,0.388,40.0,4.0,0.002232,20.0,0.169058,4.768621,0.053313,13.966184,0.162662,108.892942,1.5e-05,0.002217,7.5e-05,0.000642,5.4e-05
81,C2_WE1_E4-R2,0.4521,0.234,40.0,4.0,0.002232,20.0,0.169058,4.768621,0.053313,13.966184,0.162662,108.892942,1.5e-05,0.002217,7.5e-05,0.000642,5.4e-05
82,C2_WE1_E4-R3,0.465,0.402,40.0,4.0,0.002232,20.0,0.169058,4.768621,0.053313,13.966184,0.162662,108.892942,1.5e-05,0.002217,7.5e-05,0.000642,5.4e-05
83,C2_WE1_E4-R4,0.4792,0.361,40.0,4.0,0.002232,20.0,0.169058,4.768621,0.053313,13.966184,0.162662,108.892942,1.5e-05,0.002217,7.5e-05,0.000642,5.4e-05
84,C2_WE5_E8-R1,0.1225,0.381,40.0,4.0,0.000729,20.0,1.143957,0.438012,0.006925,9.765248,0.441682,12.84544,1.2e-05,0.001221,8.5e-05,0.005398,8.7e-05
85,C2_WE5_E8-R2,0.1593,0.517,40.0,4.0,0.000729,20.0,1.143957,0.438012,0.006925,9.765248,0.441682,12.84544,1.2e-05,0.001221,8.5e-05,0.005398,8.7e-05
86,C2_WE5_E8-R3,0.1548,0.344,40.0,4.0,0.000729,20.0,1.143957,0.438012,0.006925,9.765248,0.441682,12.84544,1.2e-05,0.001221,8.5e-05,0.005398,8.7e-05
87,C2_WE5_E8-R4,0.141,0.154,40.0,4.0,0.000729,20.0,1.143957,0.438012,0.006925,9.765248,0.441682,12.84544,1.2e-05,0.001221,8.5e-05,0.005398,8.7e-05
88,C2_WF1_F4-R1,0.3028,0.104,40.0,4.0,0.002467,20.0,0.119844,1.762672,0.081953,8.821329,0.279924,25.780235,0.000205,0.000291,0.000455,0.00017,0.000743
89,C2_WF1_F4-R2,0.301,0.09,40.0,4.0,0.002467,20.0,0.119844,1.762672,0.081953,8.821329,0.279924,25.780235,0.000205,0.000291,0.000455,0.00017,0.000743
90,C2_WF1_F4-R3,0.3006,0.096,40.0,4.0,0.002467,20.0,0.119844,1.762672,0.081953,8.821329,0.279924,25.780235,0.000205,0.000291,0.000455,0.00017,0.000743
91,C2_WF1_F4-R4,0.3065,0.097,40.0,4.0,0.002467,20.0,0.119844,1.762672,0.081953,8.821329,0.279924,25.780235,0.000205,0.000291,0.000455,0.00017,0.000743
92,C2_WF5_F8-R1,0.2934,0.631,40.0,4.0,0.003929,20.0,0.279019,1.232969,0.010158,9.510727,0.483299,47.544745,2.7e-05,0.000288,0.000104,0.000759,9.5e-05
93,C2_WF5_F8-R2,0.2912,0.593,40.0,4.0,0.003929,20.0,0.279019,1.232969,0.010158,9.510727,0.483299,47.544745,2.7e-05,0.000288,0.000104,0.000759,9.5e-05
94,C2_WF5_F8-R3,0.3004,0.601,40.0,4.0,0.003929,20.0,0.279019,1.232969,0.010158,9.510727,0.483299,47.544745,2.7e-05,0.000288,0.000104,0.000759,9.5e-05
95,C2_WF5_F8-R4,0.299,0.671,40.0,4.0,0.003929,20.0,0.279019,1.232969,0.010158,9.510727,0.483299,47.544745,2.7e-05,0.000288,0.000104,0.000759,9.5e-05
96,C3_WA1_C1-R1,0.7206,1.492,40.0,4.0,0.028304,20.0,0.203775,2.142815,0.04985,10.682077,1.327616,400.020175,0.000282,0.001039,0.000786,0.002639,1.4e-05
97,C3_WA1_C1-R2,0.6227,1.016,40.0,4.0,0.028304,20.0,0.203775,2.142815,0.04985,10.682077,1.327616,400.020175,0.000282,0.001039,0.000786,0.002639,1.4e-05
98,C3_WA1_C1-R3,0.6467,1.299,40.0,4.0,0.028304,20.0,0.203775,2.142815,0.04985,10.682077,1.327616,400.020175,0.000282,0.001039,0.000786,0.002639,1.4e-05
99,C3_WA2_C2-R1,0.6036,0.97,40.0,4.0,0.038343,20.0,0.196097,2.50537,0.053723,11.989142,3.103433,431.048016,0.000189,0.000292,0.000689,0.007345,1.4e-05
100,C3_WA2_C2-R2,0.5333,1.135,40.0,4.0,0.038343,20.0,0.196097,2.50537,0.053723,11.989142,3.103433,431.048016,0.000189,0.000292,0.000689,0.007345,1.4e-05
101,C3_WA2_C2-R3,0.5547,1.441,40.0,4.0,0.038343,20.0,0.196097,2.50537,0.053723,11.989142,3.103433,431.048016,0.000189,0.000292,0.000689,0.007345,1.4e-05
102,C3_WA3_C3-R1,0.5726,0.92,40.0,4.0,0.023718,20.0,0.186155,2.26034,0.098952,7.259735,3.147267,463.273237,0.000247,0.002706,0.000609,0.00165,0.000835
103,C3_WA3_C3-R2,0.5816,0.961,40.0,4.0,0.023718,20.0,0.186155,2.26034,0.098952,7.259735,3.147267,463.273237,0.000247,0.002706,0.000609,0.00165,0.000835
104,C3_WA3_C3-R3,0.5848,1.066,40.0,4.0,0.023718,20.0,0.186155,2.26034,0.098952,7.259735,3.147267,463.273237,0.000247,0.002706,0.000609,0.00165,0.000835
105,C3_WA4_C4-R1,0.5327,0.925,40.0,4.0,0.037661,20.0,0.148863,1.889383,0.005116,12.763576,4.116574,406.03009,0.000268,0.002678,0.000592,0.006399,0.000835
106,C3_WA4_C4-R2,0.6033,0.946,40.0,4.0,0.037661,20.0,0.148863,1.889383,0.005116,12.763576,4.116574,406.03009,0.000268,0.002678,0.000592,0.006399,0.000835
107,C3_WA4_C4-R3,0.5844,1.179,40.0,4.0,0.037661,20.0,0.148863,1.889383,0.005116,12.763576,4.116574,406.03009,0.000268,0.002678,0.000592,0.006399,0.000835
108,C3_WA5_C5-R1,0.5425,0.856,40.0,4.0,0.018674,20.0,0.15489,4.665777,0.087956,7.516629,3.613807,388.506705,3.3e-05,0.001601,0.000992,0.00747,0.000835
109,C3_WA5_C5-R2,0.5966,0.89,40.0,4.0,0.018674,20.0,0.15489,4.665777,0.087956,7.516629,3.613807,388.506705,3.3e-05,0.001601,0.000992,0.00747,0.000835
110,C3_WA5_C5-R3,0.561,0.907,40.0,4.0,0.018674,20.0,0.15489,4.665777,0.087956,7.516629,3.613807,388.506705,3.3e-05,0.001601,0.000992,0.00747,0.000835
111,C3_WA6_C6-R1,0.54,1.133,40.0,4.0,0.003919,20.0,0.200094,6.212248,0.027926,13.059003,2.50278,357.553813,0.00028,7.8e-05,0.000992,0.005548,0.000835
112,C3_WA6_C6-R2,0.5698,1.186,40.0,4.0,0.003919,20.0,0.200094,6.212248,0.027926,13.059003,2.50278,357.553813,0.00028,7.8e-05,0.000992,0.005548,0.000835
113,C3_WA6_C6-R3,0.6555,1.382,40.0,4.0,0.003919,20.0,0.200094,6.212248,0.027926,13.059003,2.50278,357.553813,0.00028,7.8e-05,0.000992,0.005548,0.000835
114,C3_WA7_C7-R1,0.5802,0.834,40.0,4.0,0.029671,20.0,0.192432,6.308068,0.062915,8.440861,4.636515,392.852934,0.000174,0.002881,0.000262,0.006224,0.000835
115,C3_WA7_C7-R2,0.6041,0.951,40.0,4.0,0.029671,20.0,0.192432,6.308068,0.062915,8.440861,4.636515,392.852934,0.000174,0.002881,0.000262,0.006224,0.000835
116,C3_WA7_C7-R3,0.5838,1.141,40.0,4.0,0.029671,20.0,0.192432,6.308068,0.062915,8.440861,4.636515,392.852934,0.000174,0.002881,0.000262,0.006224,0.000835
117,C3_WA8_C8-R1,0.6187,1.122,40.0,4.0,0.022424,20.0,0.185323,4.807579,0.087311,14.059312,3.290073,410.159581,0.000293,0.000272,0.000993,0.001597,0.000835
118,C3_WA8_C8-R2,0.6492,1.052,40.0,4.0,0.022424,20.0,0.185323,4.807579,0.087311,14.059312,3.290073,410.159581,0.000293,0.000272,0.000993,0.001597,0.000835
119,C3_WA8_C8-R3,0.6732,1.173,40.0,4.0,0.022424,20.0,0.185323,4.807579,0.087311,14.059312,3.290073,410.159581,0.000293,0.000272,0.000993,0.001597,0.000835
120,C3_WD1_F1-R1,0.6303,1.048,40.0,4.0,0.038344,20.0,0.196104,2.505369,0.06513,11.989143,3.103421,431.048016,0.000195,0.000292,0.000689,0.002345,1.4e-05
121,C3_WD1_F1-R2,0.5793,1.129,40.0,4.0,0.038344,20.0,0.196104,2.505369,0.06513,11.989143,3.103421,431.048016,0.000195,0.000292,0.000689,0.002345,1.4e-05
122,C3_WD1_F1-R3,0.6268,1.106,40.0,4.0,0.038344,20.0,0.196104,2.505369,0.06513,11.989143,3.103421,431.048016,0.000195,0.000292,0.000689,0.002345,1.4e-05
123,C3_WD2_F2-R1,0.5694,1.151,40.0,4.0,0.005745,20.0,0.178462,2.566031,0.020569,13.908467,5.114123,452.178111,0.000281,0.002103,0.000487,0.005531,0.000835
124,C3_WD2_F2-R2,0.5963,1.065,40.0,4.0,0.005745,20.0,0.178462,2.566031,0.020569,13.908467,5.114123,452.178111,0.000281,0.002103,0.000487,0.005531,0.000835
125,C3_WD2_F2-R3,0.5666,1.135,40.0,4.0,0.005745,20.0,0.178462,2.566031,0.020569,13.908467,5.114123,452.178111,0.000281,0.002103,0.000487,0.005531,0.000835
126,C3_WD3_F3-R1,0.5474,1.063,40.0,4.0,0.037661,20.0,0.148863,1.889383,0.005116,12.763576,4.116574,406.03009,0.000133,0.002678,0.000584,0.006399,0.000835
127,C3_WD3_F3-R2,0.6159,0.88,40.0,4.0,0.037661,20.0,0.148863,1.889383,0.005116,12.763576,4.116574,406.03009,0.000133,0.002678,0.000584,0.006399,0.000835
128,C3_WD3_F3-R3,0.592,1.093,40.0,4.0,0.037661,20.0,0.148863,1.889383,0.005116,12.763576,4.116574,406.03009,0.000133,0.002678,0.000584,0.006399,0.000835
129,C3_WD4_F4-R1,0.5877,0.986,40.0,4.0,0.015492,20.0,0.15628,1.548419,0.088349,8.43772,4.629115,458.741766,6.3e-05,0.001179,0.000906,0.006884,0.000835
130,C3_WD4_F4-R2,0.5663,0.806,40.0,4.0,0.015492,20.0,0.15628,1.548419,0.088349,8.43772,4.629115,458.741766,6.3e-05,0.001179,0.000906,0.006884,0.000835
131,C3_WD4_F4-R3,0.5642,0.752,40.0,4.0,0.015492,20.0,0.15628,1.548419,0.088349,8.43772,4.629115,458.741766,6.3e-05,0.001179,0.000906,0.006884,0.000835
132,C3_WD5_F5-R1,0.574,0.987,40.0,4.0,0.035077,20.0,0.191039,4.509529,0.046849,11.911456,1.868015,363.160314,0.000111,0.002469,0.000992,0.007373,0.000835
133,C3_WD5_F5-R2,0.6025,0.93,40.0,4.0,0.035077,20.0,0.191039,4.509529,0.046849,11.911456,1.868015,363.160314,0.000111,0.002469,0.000992,0.007373,0.000835
134,C3_WD5_F5-R3,0.6048,0.886,40.0,4.0,0.035077,20.0,0.191039,4.509529,0.046849,11.911456,1.868015,363.160314,0.000111,0.002469,0.000992,0.007373,0.000835
135,C3_WD6_F6-R1,0.5761,1.009,40.0,4.0,0.018345,20.0,0.187632,5.571782,0.074321,8.342787,4.429468,376.703506,7.6e-05,0.001788,0.000992,0.007886,0.000835
136,C3_WD6_F6-R2,0.5863,0.983,40.0,4.0,0.018345,20.0,0.187632,5.571782,0.074321,8.342787,4.429468,376.703506,7.6e-05,0.001788,0.000992,0.007886,0.000835
137,C3_WD6_F6-R3,0.5702,0.967,40.0,4.0,0.018345,20.0,0.187632,5.571782,0.074321,8.342787,4.429468,376.703506,7.6e-05,0.001788,0.000992,0.007886,0.000835
138,C3_WD7_F7-R1,0.5357,0.884,40.0,4.0,0.006221,20.0,0.150431,6.409492,0.07174,7.294398,1.09227,384.376373,0.00029,0.002585,0.000905,0.00288,0.000835
139,C3_WD7_F7-R2,0.5415,0.884,40.0,4.0,0.006221,20.0,0.150431,6.409492,0.07174,7.294398,1.09227,384.376373,0.00029,0.002585,0.000905,0.00288,0.000835
140,C3_WD7_F7-R3,0.5294,0.887,40.0,4.0,0.006221,20.0,0.150431,6.409492,0.07174,7.294398,1.09227,384.376373,0.00029,0.002585,0.000905,0.00288,0.000835
141,C3_WD8_F8-R1,0.2813,1.022,40.0,4.0,0.003709,20.0,0.305525,1.243568,0.009372,9.943037,0.472293,53.326661,2.9e-05,0.000312,9.4e-05,0.000849,9.8e-05
142,C3_WD8_F8-R2,0.2755,0.8,40.0,4.0,0.003709,20.0,0.305525,1.243568,0.009372,9.943037,0.472293,53.326661,2.9e-05,0.000312,9.4e-05,0.000849,9.8e-05
143,C3_WD8_F8-R3,0.2905,0.788,40.0,4.0,0.003709,20.0,0.305525,1.243568,0.009372,9.943037,0.472293,53.326661,2.9e-05,0.000312,9.4e-05,0.000849,9.8e-05
144,C4_WA1_C1-R1,0.4093,0.756,40.0,4.0,0.024773,20.0,0.700826,4.06276,0.047732,12.929126,2.133702,414.274311,0.00025,0.001827,0.000484,0.004128,1.4e-05
145,C4_WA1_C1-R2,0.3716,0.904,40.0,4.0,0.024773,20.0,0.700826,4.06276,0.047732,12.929126,2.133702,414.274311,0.00025,0.001827,0.000484,0.004128,1.4e-05
146,C4_WA1_C1-R3,0.4587,1.646,40.0,4.0,0.024773,20.0,0.700826,4.06276,0.047732,12.929126,2.133702,414.274311,0.00025,0.001827,0.000484,0.004128,1.4e-05
147,C4_WA2_C2-R1,0.4214,0.781,40.0,4.0,0.00817,20.0,2.27814,5.092978,0.077865,11.739814,1.428153,411.076753,0.000279,0.000292,0.000689,0.003862,1.4e-05
148,C4_WA2_C2-R2,0.458,0.938,40.0,4.0,0.00817,20.0,2.27814,5.092978,0.077865,11.739814,1.428153,411.076753,0.000279,0.000292,0.000689,0.003862,1.4e-05
149,C4_WA2_C2-R3,0.4998,1.12,40.0,4.0,0.00817,20.0,2.27814,5.092978,0.077865,11.739814,1.428153,411.076753,0.000279,0.000292,0.000689,0.003862,1.4e-05
150,C4_WA3_C3-R1,0.3324,0.811,40.0,4.0,0.014316,20.0,2.15443,2.710952,0.080738,10.910402,4.790117,456.776681,0.000184,0.000292,0.000689,0.001921,1.4e-05
151,C4_WA3_C3-R2,0.3663,0.868,40.0,4.0,0.014316,20.0,2.15443,2.710952,0.080738,10.910402,4.790117,456.776681,0.000184,0.000292,0.000689,0.001921,1.4e-05
152,C4_WA3_C3-R3,0.3794,1.131,40.0,4.0,0.014316,20.0,2.15443,2.710952,0.080738,10.910402,4.790117,456.776681,0.000184,0.000292,0.000689,0.001921,1.4e-05
153,C4_WA4_C4-R1,0.45,0.769,40.0,4.0,0.033092,20.0,2.159783,3.831534,0.0665,9.140576,3.331034,469.248028,0.000276,0.001106,0.000486,0.000465,1.4e-05
154,C4_WA4_C4-R2,0.4444,0.962,40.0,4.0,0.033092,20.0,2.159783,3.831534,0.0665,9.140576,3.331034,469.248028,0.000276,0.001106,0.000486,0.000465,1.4e-05
155,C4_WA4_C4-R3,0.471,1.088,40.0,4.0,0.033092,20.0,2.159783,3.831534,0.0665,9.140576,3.331034,469.248028,0.000276,0.001106,0.000486,0.000465,1.4e-05
156,C4_WA5_C5-R1,0.4321,0.414,40.0,4.0,0.037669,20.0,0.800197,1.415873,0.084858,13.717068,1.459033,323.896805,0.000296,0.002085,0.000992,0.005032,0.000835
157,C4_WA5_C5-R2,0.4859,0.678,40.0,4.0,0.037669,20.0,0.800197,1.415873,0.084858,13.717068,1.459033,323.896805,0.000296,0.002085,0.000992,0.005032,0.000835
158,C4_WA5_C5-R3,0.5109,2.352,40.0,4.0,0.037669,20.0,0.800197,1.415873,0.084858,13.717068,1.459033,323.896805,0.000296,0.002085,0.000992,0.005032,0.000835
159,C4_WA6_C6-R1,0.4481,1.021,40.0,4.0,0.000705,20.0,2.22479,6.153711,0.097613,14.043278,4.794772,394.734535,3.7e-05,0.002773,0.00099,0.006802,0.000835
160,C4_WA6_C6-R2,0.4602,1.033,40.0,4.0,0.000705,20.0,2.22479,6.153711,0.097613,14.043278,4.794772,394.734535,3.7e-05,0.002773,0.00099,0.006802,0.000835
161,C4_WA6_C6-R3,0.4747,1.274,40.0,4.0,0.000705,20.0,2.22479,6.153711,0.097613,14.043278,4.794772,394.734535,3.7e-05,0.002773,0.00099,0.006802,0.000835
162,C4_WA7_C7-R1,0.4239,0.411,40.0,4.0,0.039067,20.0,2.582378,5.991768,0.078723,8.607087,4.521068,381.318487,3.3e-05,0.001623,0.000992,0.000209,0.000835
163,C4_WA7_C7-R2,0.4863,0.496,40.0,4.0,0.039067,20.0,2.582378,5.991768,0.078723,8.607087,4.521068,381.318487,3.3e-05,0.001623,0.000992,0.000209,0.000835
164,C4_WA7_C7-R3,0.4844,0.775,40.0,4.0,0.039067,20.0,2.582378,5.991768,0.078723,8.607087,4.521068,381.318487,3.3e-05,0.001623,0.000992,0.000209,0.000835
165,C4_WA8_C8-R1,0.4084,0.784,40.0,4.0,0.010556,20.0,2.601029,5.705683,0.082804,12.939917,3.939057,475.957694,3.3e-05,0.001986,0.000992,0.007573,0.000835
166,C4_WA8_C8-R2,0.471,0.959,40.0,4.0,0.010556,20.0,2.601029,5.705683,0.082804,12.939917,3.939057,475.957694,3.3e-05,0.001986,0.000992,0.007573,0.000835
167,C4_WA8_C8-R3,0.483,0.915,40.0,4.0,0.010556,20.0,2.601029,5.705683,0.082804,12.939917,3.939057,475.957694,3.3e-05,0.001986,0.000992,0.007573,0.000835
168,C4_WD1_F1-R1,0.3916,1.009,40.0,4.0,0.000956,20.0,2.184192,3.440721,0.091458,10.338878,2.814993,415.796644,0.000265,0.00029,0.000688,0.002765,1.4e-05
169,C4_WD1_F1-R2,0.4941,1.255,40.0,4.0,0.000956,20.0,2.184192,3.440721,0.091458,10.338878,2.814993,415.796644,0.000265,0.00029,0.000688,0.002765,1.4e-05
170,C4_WD1_F1-R3,0.4818,1.248,40.0,4.0,0.000956,20.0,2.184192,3.440721,0.091458,10.338878,2.814993,415.796644,0.000265,0.00029,0.000688,0.002765,1.4e-05
171,C4_WD2_F2-R1,0.5643,0.529,40.0,4.0,0.01828,20.0,2.206493,3.451213,0.059624,12.453609,0.332198,401.210566,0.000221,0.002911,0.00071,0.00435,1.4e-05
172,C4_WD2_F2-R2,0.5037,0.446,40.0,4.0,0.01828,20.0,2.206493,3.451213,0.059624,12.453609,0.332198,401.210566,0.000221,0.002911,0.00071,0.00435,1.4e-05
173,C4_WD2_F2-R3,0.5399,17.356,40.0,4.0,0.01828,20.0,2.206493,3.451213,0.059624,12.453609,0.332198,401.210566,0.000221,0.002911,0.00071,0.00435,1.4e-05
174,C4_WD3_F3-R1,0.5457,0.898,40.0,4.0,0.009734,20.0,2.242214,4.680379,0.056417,9.194358,1.921812,392.324374,0.000141,0.001184,0.000696,0.004599,1.4e-05
175,C4_WD3_F3-R2,0.5721,1.12,40.0,4.0,0.009734,20.0,2.242214,4.680379,0.056417,9.194358,1.921812,392.324374,0.000141,0.001184,0.000696,0.004599,1.4e-05
176,C4_WD3_F3-R3,0.5846,1.047,40.0,4.0,0.009734,20.0,2.242214,4.680379,0.056417,9.194358,1.921812,392.324374,0.000141,0.001184,0.000696,0.004599,1.4e-05
177,C4_WD4_F4-R1,0.4762,0.845,40.0,4.0,0.026205,20.0,2.868647,3.063754,0.051305,8.628131,5.058487,390.089741,3e-05,0.000393,0.000282,0.003961,0.000835
178,C4_WD4_F4-R2,0.4647,1.006,40.0,4.0,0.026205,20.0,2.868647,3.063754,0.051305,8.628131,5.058487,390.089741,3e-05,0.000393,0.000282,0.003961,0.000835
179,C4_WD4_F4-R3,0.4929,1.055,40.0,4.0,0.026205,20.0,2.868647,3.063754,0.051305,8.628131,5.058487,390.089741,3e-05,0.000393,0.000282,0.003961,0.000835
180,C4_WD5_F5-R1,0.4836,0.736,40.0,4.0,0.000523,20.0,2.849896,5.943808,0.079905,8.446208,4.240846,367.255495,0.000123,0.002005,4.8e-05,0.003702,0.000835
181,C4_WD5_F5-R2,0.5255,0.77,40.0,4.0,0.000523,20.0,2.849896,5.943808,0.079905,8.446208,4.240846,367.255495,0.000123,0.002005,4.8e-05,0.003702,0.000835
182,C4_WD5_F5-R3,0.5226,0.991,40.0,4.0,0.000523,20.0,2.849896,5.943808,0.079905,8.446208,4.240846,367.255495,0.000123,0.002005,4.8e-05,0.003702,0.000835
183,C4_WD6_F6-R1,0.5405,0.958,40.0,4.0,0.003253,20.0,2.266566,6.438007,0.054262,9.212677,2.150364,404.691896,1e-05,0.002287,6.6e-05,0.001922,0.000835
184,C4_WD6_F6-R2,0.5709,0.971,40.0,4.0,0.003253,20.0,2.266566,6.438007,0.054262,9.212677,2.150364,404.691896,1e-05,0.002287,6.6e-05,0.001922,0.000835
185,C4_WD6_F6-R3,0.569,0.998,40.0,4.0,0.003253,20.0,2.266566,6.438007,0.054262,9.212677,2.150364,404.691896,1e-05,0.002287,6.6e-05,0.001922,0.000835
186,C4_WD7_F7-R1,0.5795,0.903,40.0,4.0,0.032352,20.0,2.681768,6.293779,0.003636,13.0573,1.67801,433.346634,0.000258,0.002099,0.000391,0.007259,0.000835
187,C4_WD7_F7-R2,0.5844,1.098,40.0,4.0,0.032352,20.0,2.681768,6.293779,0.003636,13.0573,1.67801,433.346634,0.000258,0.002099,0.000391,0.007259,0.000835
188,C4_WD7_F7-R3,0.5646,1.238,40.0,4.0,0.032352,20.0,2.681768,6.293779,0.003636,13.0573,1.67801,433.346634,0.000258,0.002099,0.000391,0.007259,0.000835
189,C4_WD8_F8-R1,0.2745,0.859,40.0,4.0,0.003932,20.0,0.309966,1.206566,0.01076,9.146237,0.502864,52.253707,3e-05,0.000304,0.0001,0.000726,9.8e-05
190,C4_WD8_F8-R2,0.2829,1.002,40.0,4.0,0.003932,20.0,0.309966,1.206566,0.01076,9.146237,0.502864,52.253707,3e-05,0.000304,0.0001,0.000726,9.8e-05
191,C4_WD8_F8-R3,0.2866,1.148,40.0,4.0,0.003932,20.0,0.309966,1.206566,0.01076,9.146237,0.502864,52.253707,3e-05,0.000304,0.0001,0.000726,9.8e-05
192,C5_WA1_C1-R1,0.4472,1.311,40.0,4.0,0.030851,20.0,0.193823,2.96856,0.062151,13.770459,2.158244,327.434888,0.000126,0.002049,0.000767,0.000625,0.000542
193,C5_WA1_C1-R2,0.4533,1.047,40.0,4.0,0.030851,20.0,0.193823,2.96856,0.062151,13.770459,2.158244,327.434888,0.000126,0.002049,0.000767,0.000625,0.000542
194,C5_WA1_C1-R3,0.4918,1.156,40.0,4.0,0.030851,20.0,0.193823,2.96856,0.062151,13.770459,2.158244,327.434888,0.000126,0.002049,0.000767,0.000625,0.000542
195,C5_WA2_C2-R1,0.5663,0.929,40.0,4.0,0.015822,20.0,0.187497,5.687716,0.048338,10.359198,2.326866,394.369616,0.000225,0.001212,0.000588,0.003088,0.0007
196,C5_WA2_C2-R2,0.5724,0.909,40.0,4.0,0.015822,20.0,0.187497,5.687716,0.048338,10.359198,2.326866,394.369616,0.000225,0.001212,0.000588,0.003088,0.0007
197,C5_WA2_C2-R3,0.551,1.169,40.0,4.0,0.015822,20.0,0.187497,5.687716,0.048338,10.359198,2.326866,394.369616,0.000225,0.001212,0.000588,0.003088,0.0007
198,C5_WA3_C3-R1,0.5866,0.863,40.0,4.0,0.011581,20.0,0.098664,3.504922,0.055516,9.428936,2.68397,398.056816,0.000211,0.001953,0.000902,0.002679,9.2e-05
199,C5_WA3_C3-R2,0.5871,0.932,40.0,4.0,0.011581,20.0,0.098664,3.504922,0.055516,9.428936,2.68397,398.056816,0.000211,0.001953,0.000902,0.002679,9.2e-05
200,C5_WA3_C3-R3,0.5204,0.999,40.0,4.0,0.011581,20.0,0.098664,3.504922,0.055516,9.428936,2.68397,398.056816,0.000211,0.001953,0.000902,0.002679,9.2e-05
201,C5_WA4_C4-R1,0.4697,1.241,40.0,4.0,0.017216,20.0,2.624487,3.789566,0.065907,9.175414,2.509852,398.573523,0.00011,0.002615,0.000339,0.003635,0.000505
202,C5_WA4_C4-R2,0.5869,0.989,40.0,4.0,0.017216,20.0,2.624487,3.789566,0.065907,9.175414,2.509852,398.573523,0.00011,0.002615,0.000339,0.003635,0.000505
203,C5_WA4_C4-R3,0.5648,0.991,40.0,4.0,0.017216,20.0,2.624487,3.789566,0.065907,9.175414,2.509852,398.573523,0.00011,0.002615,0.000339,0.003635,0.000505
204,C5_WA5_C5-R1,0.5542,1.07,40.0,4.0,0.033689,20.0,2.524013,4.352552,0.082496,13.542421,5.04225,409.190588,0.000272,0.002217,0.000948,0.005148,0.000109
205,C5_WA5_C5-R2,0.6347,1.205,40.0,4.0,0.033689,20.0,2.524013,4.352552,0.082496,13.542421,5.04225,409.190588,0.000272,0.002217,0.000948,0.005148,0.000109
206,C5_WA5_C5-R3,0.6287,1.627,40.0,4.0,0.033689,20.0,2.524013,4.352552,0.082496,13.542421,5.04225,409.190588,0.000272,0.002217,0.000948,0.005148,0.000109
207,C5_WA6_C6-R1,0.603,1.235,40.0,4.0,0.027863,20.0,2.652067,5.824056,0.015112,13.944572,1.661694,391.304261,0.000176,0.002045,0.000607,0.004395,0.000825
208,C5_WA6_C6-R2,0.5964,1.084,40.0,4.0,0.027863,20.0,2.652067,5.824056,0.015112,13.944572,1.661694,391.304261,0.000176,0.002045,0.000607,0.004395,0.000825
209,C5_WA6_C6-R3,0.6148,1.141,40.0,4.0,0.027863,20.0,2.652067,5.824056,0.015112,13.944572,1.661694,391.304261,0.000176,0.002045,0.000607,0.004395,0.000825
210,C5_WA7_C7-R1,0.6232,0.845,40.0,4.0,0.020497,20.0,2.589884,4.695758,0.054419,9.558,2.670483,459.548005,9.8e-05,0.002955,0.000353,0.003897,0.000515
211,C5_WA7_C7-R2,0.6254,1.026,40.0,4.0,0.020497,20.0,2.589884,4.695758,0.054419,9.558,2.670483,459.548005,9.8e-05,0.002955,0.000353,0.003897,0.000515
212,C5_WA7_C7-R3,0.616,0.966,40.0,4.0,0.020497,20.0,2.589884,4.695758,0.054419,9.558,2.670483,459.548005,9.8e-05,0.002955,0.000353,0.003897,0.000515
213,C5_WA8_C8-R1,0.506,1.091,40.0,4.0,0.034021,20.0,2.646352,3.543764,0.09912,13.109367,2.700242,365.834621,0.000292,0.001348,0.000752,0.00206,0.000949
214,C5_WA8_C8-R2,0.5077,1.101,40.0,4.0,0.034021,20.0,2.646352,3.543764,0.09912,13.109367,2.700242,365.834621,0.000292,0.001348,0.000752,0.00206,0.000949
215,C5_WA8_C8-R3,0.4815,1.099,40.0,4.0,0.034021,20.0,2.646352,3.543764,0.09912,13.109367,2.700242,365.834621,0.000292,0.001348,0.000752,0.00206,0.000949
216,C5_WD1_F1-R1,0.59,1.54,40.0,4.0,0.026618,20.0,0.178729,5.271786,0.046587,10.728408,2.566785,338.143039,0.000106,0.001254,0.000751,0.002341,0.000775
217,C5_WD1_F1-R2,0.5333,0.847,40.0,4.0,0.026618,20.0,0.178729,5.271786,0.046587,10.728408,2.566785,338.143039,0.000106,0.001254,0.000751,0.002341,0.000775
218,C5_WD1_F1-R3,0.5771,0.783,40.0,4.0,0.026618,20.0,0.178729,5.271786,0.046587,10.728408,2.566785,338.143039,0.000106,0.001254,0.000751,0.002341,0.000775
219,C5_WD2_F2-R1,0.6231,1.174,40.0,4.0,0.011239,20.0,0.209306,4.421251,0.052244,12.906592,3.997308,471.149314,0.000173,0.001705,0.000959,0.002328,0.000942
220,C5_WD2_F2-R2,0.608,0.932,40.0,4.0,0.011239,20.0,0.209306,4.421251,0.052244,12.906592,3.997308,471.149314,0.000173,0.001705,0.000959,0.002328,0.000942
221,C5_WD2_F2-R3,0.608,0.816,40.0,4.0,0.011239,20.0,0.209306,4.421251,0.052244,12.906592,3.997308,471.149314,0.000173,0.001705,0.000959,0.002328,0.000942
222,C5_WD3_F3-R1,0.5577,1.156,40.0,4.0,0.025832,20.0,2.431422,4.094736,0.024244,13.426654,2.015336,406.81252,0.000199,0.002917,0.00049,0.003536,0.000898
223,C5_WD3_F3-R2,0.5507,1.009,40.0,4.0,0.025832,20.0,2.431422,4.094736,0.024244,13.426654,2.015336,406.81252,0.000199,0.002917,0.00049,0.003536,0.000898
224,C5_WD3_F3-R3,0.6013,0.897,40.0,4.0,0.025832,20.0,2.431422,4.094736,0.024244,13.426654,2.015336,406.81252,0.000199,0.002917,0.00049,0.003536,0.000898
225,C5_WD4_F4-R1,0.627,1.065,40.0,4.0,0.011387,20.0,2.457756,5.421489,0.065707,8.461985,4.146051,494.833552,0.000122,0.002261,0.000954,0.003318,0.00046
226,C5_WD4_F4-R2,0.6524,0.755,40.0,4.0,0.011387,20.0,2.457756,5.421489,0.065707,8.461985,4.146051,494.833552,0.000122,0.002261,0.000954,0.003318,0.00046
227,C5_WD4_F4-R3,0.6163,0.714,40.0,4.0,0.011387,20.0,2.457756,5.421489,0.065707,8.461985,4.146051,494.833552,0.000122,0.002261,0.000954,0.003318,0.00046
228,C5_WD5_F5-R1,0.4027,1.141,40.0,4.0,0.037505,20.0,2.472715,5.174652,0.088348,11.941451,0.809407,321.206134,0.000163,0.002909,0.000936,0.00378,0.000351
229,C5_WD5_F5-R2,0.4703,1.247,40.0,4.0,0.037505,20.0,2.472715,5.174652,0.088348,11.941451,0.809407,321.206134,0.000163,0.002909,0.000936,0.00378,0.000351
230,C5_WD5_F5-R3,0.4599,1.102,40.0,4.0,0.037505,20.0,2.472715,5.174652,0.088348,11.941451,0.809407,321.206134,0.000163,0.002909,0.000936,0.00378,0.000351
231,C5_WD6_F6-R1,0.621,0.91,40.0,4.0,0.004214,20.0,2.469812,4.796489,0.054636,9.285996,2.963933,455.136977,0.00023,0.002547,0.000783,0.002747,0.000903
232,C5_WD6_F6-R2,0.6208,0.824,40.0,4.0,0.004214,20.0,2.469812,4.796489,0.054636,9.285996,2.963933,455.136977,0.00023,0.002547,0.000783,0.002747,0.000903
233,C5_WD6_F6-R3,0.5954,0.859,40.0,4.0,0.004214,20.0,2.469812,4.796489,0.054636,9.285996,2.963933,455.136977,0.00023,0.002547,0.000783,0.002747,0.000903
234,C5_WD7_F7-R1,0.6293,1.011,40.0,4.0,0.037489,20.0,2.431795,5.052745,0.058807,9.155386,2.372341,361.921617,0.00028,0.002575,0.000967,0.004346,3.7e-05
235,C5_WD7_F7-R2,0.6091,0.708,40.0,4.0,0.037489,20.0,2.431795,5.052745,0.058807,9.155386,2.372341,361.921617,0.00028,0.002575,0.000967,0.004346,3.7e-05
236,C5_WD7_F7-R3,0.6303,0.445,40.0,4.0,0.037489,20.0,2.431795,5.052745,0.058807,9.155386,2.372341,361.921617,0.00028,0.002575,0.000967,0.004346,3.7e-05
237,C5_WD8_F8-R1,0.2476,1.469,40.0,4.0,0.004112,20.0,0.261299,1.194531,0.01038,8.894713,0.540169,47.852656,2.7e-05,0.000305,9.6e-05,0.000772,0.000109
238,C5_WD8_F8-R2,0.2498,1.283,40.0,4.0,0.004112,20.0,0.261299,1.194531,0.01038,8.894713,0.540169,47.852656,2.7e-05,0.000305,9.6e-05,0.000772,0.000109
239,C5_WD8_F8-R3,0.2316,0.863,40.0,4.0,0.004112,20.0,0.261299,1.194531,0.01038,8.894713,0.540169,47.852656,2.7e-05,0.000305,9.6e-05,0.000772,0.000109
